{"stats":{"minecraft:picked_up":{"minecraft:birch_log":1,"minecraft:dark_oak_log":2,"minecraft:dirt":7},"minecraft:used":{"minecraft:tnt":125,"minecraft:crafting_table":1,"minecraft:oak_button":1,"minecraft:wooden_pickaxe":1},"minecraft:custom":{"minecraft:time_since_rest":7809,"minecraft:crouch_one_cm":125,"minecraft:play_time":7809,"minecraft:sprint_one_cm":3466,"minecraft:damage_taken":50,"minecraft:walk_one_cm":6088,"minecraft:sneak_time":265,"minecraft:walk_under_water_one_cm":812,"minecraft:jump":102,"minecraft:leave_game":3,"minecraft:time_since_death":7809,"minecraft:walk_on_water_one_cm":630,"minecraft:total_world_time":7809,"minecraft:swim_one_cm":4948,"minecraft:interact_with_crafting_table":1,"minecraft:fall_one_cm":2753,"minecraft:fly_one_cm":29657},"minecraft:mined":{"minecraft:grass_block":7,"minecraft:dark_oak_leaves":2,"minecraft:birch_log":1,"minecraft:dark_oak_log":2,"minecraft:birch_leaves":1},"minecraft:crafted":{"minecraft:dark_oak_planks":8,"minecraft:birch_planks":4,"minecraft:crafting_table":1,"minecraft:stick":4,"minecraft:wooden_pickaxe":1}},"DataVersion":3953}