{"stats":{"minecraft:picked_up":{"minecraft:birch_log":1,"minecraft:dark_oak_log":2,"minecraft:dirt":7},"minecraft:used":{"minecraft:crafting_table":1,"minecraft:wooden_pickaxe":1},"minecraft:custom":{"minecraft:time_since_rest":5517,"minecraft:crouch_one_cm":125,"minecraft:play_time":5517,"minecraft:sprint_one_cm":3277,"minecraft:damage_taken":50,"minecraft:walk_one_cm":2763,"minecraft:sneak_time":265,"minecraft:walk_under_water_one_cm":812,"minecraft:jump":70,"minecraft:leave_game":1,"minecraft:time_since_death":5517,"minecraft:walk_on_water_one_cm":630,"minecraft:total_world_time":5517,"minecraft:swim_one_cm":4948,"minecraft:interact_with_crafting_table":1,"minecraft:fall_one_cm":2753,"minecraft:fly_one_cm":25336},"minecraft:mined":{"minecraft:grass_block":7,"minecraft:dark_oak_leaves":2,"minecraft:birch_log":1,"minecraft:dark_oak_log":2,"minecraft:birch_leaves":1},"minecraft:crafted":{"minecraft:dark_oak_planks":8,"minecraft:birch_planks":4,"minecraft:crafting_table":1,"minecraft:stick":4,"minecraft:wooden_pickaxe":1}},"DataVersion":3953}